{
  "emissions": {
    "emissions_kg": 0.010164417841665507,
    "duration_s": 0,
    "energy_kwh": 0.04278151699643294
  }
}