{
  "emissions": {
    "emissions_kg": 0.3716429420806296,
    "duration_s": 0,
    "energy_kwh": 1.5642262145159462
  }
}